{"random_forest": {"params_no_default": {"min_samples_split": 18, "n_estimators": 50}, "metricas_validation": {"precission": 0.882912718235201, "recall": 0.8672346640377366, "f1_score": 0.8737230382737528, "accuracy": 0.8593204775022957}, "metricas_train": {"precission": 0.9599402668314678, "recall": 0.954186840379625, "f1_score": 0.9568889441518091, "accuracy": 0.9526846165958117}, "normalizacion_X": true, "reduccionDimensionalidad": false}, "gradient_boosting": {"params_no_default": {"max_depth": 5, "n_estimators": 100, "learning_rate": 0.1}, "metricas_validation": {"precission": 0.880888124493535, "recall": 0.8693202011095734, "f1_score": 0.8743134596188803, "accuracy": 0.8602387511478421}, "metricas_train": {"precission": 0.9565396264871672, "recall": 0.9528451669519092, "f1_score": 0.9546191144556386, "accuracy": 0.9487482286254133}, "normalizacion_X": true, "reduccionDimensionalidad": false}, "ada_boosting": {"params_no_default": {"n_estimators": 10, "learning_rate": 0.1}, "metricas_validation": {"precission": 0.8014607532409965, "recall": 0.6836378117839319, "f1_score": 0.6364763218597125, "accuracy": 0.5796143250688706}, "metricas_train": {"precission": 0.8002321203352359, "recall": 0.6875994097296645, "f1_score": 0.6379032757395466, "accuracy": 0.5827428751377736}, "normalizacion_X": true, "reduccionDimensionalidad": false}, "linear_SVC": {"params_no_default": {"multi_class": "ovr"}, "metricas_validation": {"precission": 0.8876899583358534, "recall": 0.8747633764620105, "f1_score": 0.8802098431510197, "accuracy": 0.8650137741046832}, "metricas_train": {"precission": 0.8833265329894806, "recall": 0.8754110464368019, "f1_score": 0.8788907164276738, "accuracy": 0.8648244370965202}, "normalizacion_X": true, "reduccionDimensionalidad": false}, "logistic": {"params_no_default": {"multi_class": "ovr"}, "metricas_validation": {"precission": 0.8869809658373489, "recall": 0.8759145278352047, "f1_score": 0.8807171746532025, "accuracy": 0.865564738292011}, "metricas_train": {"precission": 0.8843442468023192, "recall": 0.8773159973227074, "f1_score": 0.8804618932854031, "accuracy": 0.8665564478034955}, "normalizacion_X": true, "reduccionDimensionalidad": false}, "k_neighbors": {"params_no_default": {"weights": "uniform", "n_neighbors": 40}, "metricas_validation": {"precission": 0.8756576674778833, "recall": 0.8594045070110724, "f1_score": 0.8661099429497388, "accuracy": 0.8492194674012856}, "metricas_train": {"precission": 0.8798074711216054, "recall": 0.8675193679874258, "f1_score": 0.8727634575758281, "accuracy": 0.8574240277121713}, "normalizacion_X": true, "reduccionDimensionalidad": false}, "lda": {"params_no_default": {"shrinkage": 0.1, "solver": "lsqr"}, "metricas_validation": {"precission": 0.8708796212145763, "recall": 0.8661138110239394, "f1_score": 0.8683402404645447, "accuracy": 0.850872359963269}, "metricas_train": {"precission": 0.873260669757843, "recall": 0.8743231009085219, "f1_score": 0.873769653508862, "accuracy": 0.8579751220280271}, "normalizacion_X": true, "reduccionDimensionalidad": false}, "SVC": {"params_no_default": {"C": 2.1, "gamma": "scale", "kernel": "rbf"}, "metricas_validation": {"precission": 0.8973798553821082, "recall": 0.8753354887010735, "f1_score": 0.8837489934091195, "accuracy": 0.8710743801652893}, "metricas_train": {"precission": 0.9061583477298831, "recall": 0.8906808282657788, "f1_score": 0.8968363495425595, "accuracy": 0.8867107542119351}, "normalizacion_X": true, "reduccionDimensionalidad": false}}