{"k_neighbors": {"params_no_default": {"weights": "uniform", "n_neighbors": 30}, "metricas_validation": {"precission": 0.3800791785677838, "recall": 0.3373364028717044, "f1_score": 0.32458635377352557, "accuracy": 0.7048668503213957}, "metricas_train": {"precission": 0.39440036479579293, "recall": 0.3492816859010193, "f1_score": 0.34013150777672724, "accuracy": 0.721225003936388}, "normalizacion_X": true, "reduccionDimensionalidad": false}, "random_forest": {"params_no_default": {"min_samples_split": 2, "max_depth": 20, "n_estimators": 100}, "metricas_validation": {"precission": 0.3837154997553567, "recall": 0.34664591892866764, "f1_score": 0.334861561085576, "accuracy": 0.7223140495867768}, "metricas_train": {"precission": 0.9995305686706624, "recall": 0.9984095629489328, "f1_score": 0.9989640542662055, "accuracy": 0.9992127224059203}, "normalizacion_X": true, "reduccionDimensionalidad": false}, "gradient_boosting": {"params_no_default": {"max_depth": 5, "n_estimators": 100, "learning_rate": 0.1}, "metricas_validation": {"precission": 0.39396044483383685, "recall": 0.37171956729083283, "f1_score": 0.3703967483774265, "accuracy": 0.7199265381083563}, "metricas_train": {"precission": 0.9799436069658872, "recall": 0.956493540426731, "f1_score": 0.9672522591029148, "accuracy": 0.9656746968981262}, "normalizacion_X": true, "reduccionDimensionalidad": false}, "ada_boosting": {"params_no_default": {"n_estimators": 100, "learning_rate": 0.1}, "metricas_validation": {"precission": 0.2671968338778041, "recall": 0.27824548768563184, "f1_score": 0.24764597234362656, "accuracy": 0.5647382920110193}, "metricas_train": {"precission": 0.2705784125624919, "recall": 0.2781964017411986, "f1_score": 0.24729403199741626, "accuracy": 0.5651078570303889}, "normalizacion_X": true, "reduccionDimensionalidad": false}, "linear_SVC": {"params_no_default": {"multi_class": "ovr"}, "metricas_validation": {"precission": 0.36726673177743585, "recall": 0.3501589422937883, "f1_score": 0.3319553812466571, "accuracy": 0.7375573921028467}, "metricas_train": {"precission": 0.4350314195623496, "recall": 0.3487304466363534, "f1_score": 0.3333912422244942, "accuracy": 0.7343725397575185}, "normalizacion_X": true, "reduccionDimensionalidad": false}, "logistic": {"params_no_default": {"multi_class": "ovr"}, "metricas_validation": {"precission": 0.4156997103495669, "recall": 0.36273770519282056, "f1_score": 0.3482334040604422, "accuracy": 0.7399449035812672}, "metricas_train": {"precission": 0.508521598694991, "recall": 0.3746635967389908, "f1_score": 0.37199413453595037, "accuracy": 0.7439773264052905}, "normalizacion_X": true, "reduccionDimensionalidad": false}, "lda": {"params_no_default": {"shrinkage": 0.1, "solver": "lsqr"}, "metricas_validation": {"precission": 0.39531526057583644, "recall": 0.39264280302737414, "f1_score": 0.38051079410650474, "accuracy": 0.7111111111111111}, "metricas_train": {"precission": 0.44558929063796715, "recall": 0.4001759910284134, "f1_score": 0.39670954853317475, "accuracy": 0.7179184380412533}, "normalizacion_X": true, "reduccionDimensionalidad": false}, "SVC": {"params_no_default": {"C": 0.6, "gamma": "scale", "kernel": "linear"}, "metricas_validation": {"precission": 0.4155724037962276, "recall": 0.381196043522017, "f1_score": 0.3604651248635791, "accuracy": 0.7522497704315886}, "metricas_train": {"precission": 0.46186447158405947, "recall": 0.3844878503225639, "f1_score": 0.36933730583207286, "accuracy": 0.7594866950086601}, "normalizacion_X": true, "reduccionDimensionalidad": false}}