{"random_forest": {"params_no_default": {"min_samples_split": 18, "n_estimators": 50}, "metricas_validation": {"precission": 0.882912718235201, "recall": 0.8672346640377366, "f1_score": 0.8737230382737528, "accuracy": 0.8593204775022957}, "metricas_train": {"precission": 0.882912718235201, "recall": 0.8672346640377366, "f1_score": 0.8737230382737528, "accuracy": 0.8593204775022957}, "normalizacion_X": true, "reduccionDimensionalidad": false}, "gradient_boosting": {"params_no_default": {"max_depth": 5, "n_estimators": 100, "learning_rate": 0.1}, "metricas_validation": {"precission": 0.880888124493535, "recall": 0.8693202011095734, "f1_score": 0.8743134596188803, "accuracy": 0.8602387511478421}, "metricas_train": {"precission": 0.880888124493535, "recall": 0.8693202011095734, "f1_score": 0.8743134596188803, "accuracy": 0.8602387511478421}, "normalizacion_X": true, "reduccionDimensionalidad": false}, "ada_boosting": {"params_no_default": {"n_estimators": 10, "learning_rate": 0.1}, "metricas_validation": {"precission": 0.8014607532409965, "recall": 0.6836378117839319, "f1_score": 0.6364763218597125, "accuracy": 0.5796143250688706}, "metricas_train": {"precission": 0.8014607532409965, "recall": 0.6836378117839319, "f1_score": 0.6364763218597125, "accuracy": 0.5796143250688706}, "normalizacion_X": true, "reduccionDimensionalidad": false}, "linear_SVC": {"params_no_default": {"multi_class": "ovr"}, "metricas_validation": {"precission": 0.8876899583358534, "recall": 0.8747633764620105, "f1_score": 0.8802098431510197, "accuracy": 0.8650137741046832}, "metricas_train": {"precission": 0.8876899583358534, "recall": 0.8747633764620105, "f1_score": 0.8802098431510197, "accuracy": 0.8650137741046832}, "normalizacion_X": true, "reduccionDimensionalidad": false}, "logistic": {"params_no_default": {"multi_class": "ovr"}, "metricas_validation": {"precission": 0.8869809658373489, "recall": 0.8759145278352047, "f1_score": 0.8807171746532025, "accuracy": 0.865564738292011}, "metricas_train": {"precission": 0.8869809658373489, "recall": 0.8759145278352047, "f1_score": 0.8807171746532025, "accuracy": 0.865564738292011}, "normalizacion_X": true, "reduccionDimensionalidad": false}, "k_neighbors": {"params_no_default": {"weights": "uniform", "n_neighbors": 40}, "metricas_validation": {"precission": 0.8756576674778833, "recall": 0.8594045070110724, "f1_score": 0.8661099429497388, "accuracy": 0.8492194674012856}, "metricas_train": {"precission": 0.8756576674778833, "recall": 0.8594045070110724, "f1_score": 0.8661099429497388, "accuracy": 0.8492194674012856}, "normalizacion_X": true, "reduccionDimensionalidad": false}, "lda": {"params_no_default": {"solver": "lsqr"}, "metricas_validation": {"precission": 0.8732638906551949, "recall": 0.8682876065403462, "f1_score": 0.8705644046962637, "accuracy": 0.8530762167125804}, "metricas_train": {"precission": 0.8732638906551949, "recall": 0.8682876065403462, "f1_score": 0.8705644046962637, "accuracy": 0.8530762167125804}, "normalizacion_X": true, "reduccionDimensionalidad": false}, "SVC": {"params_no_default": {"C": 2.1, "gamma": "scale", "kernel": "rbf"}, "metricas_validation": {"precission": 0.8973798553821082, "recall": 0.8753354887010735, "f1_score": 0.8837489934091195, "accuracy": 0.8710743801652893}, "metricas_train": {"precission": 0.8973798553821082, "recall": 0.8753354887010735, "f1_score": 0.8837489934091195, "accuracy": 0.8710743801652893}, "normalizacion_X": true, "reduccionDimensionalidad": false}}