{"random_forest": {"params_no_default": {"min_samples_split": 14, "max_depth": null, "n_estimators": 100}, "metricas_validation": {"precission": 0.2286026342425947, "recall": 0.2604949391965598, "f1_score": 0.2309313414884466, "accuracy": 0.5757575757575758}, "metricas_train": {"precission": 0.8716900640676246, "recall": 0.5699313993685345, "f1_score": 0.6112093191588108, "accuracy": 0.8738781294284365}, "normalizacion_X": true, "reduccionDimensionalidad": false}, "gradient_boosting": {"params_no_default": {"max_depth": 5, "n_estimators": 100, "learning_rate": 0.1}, "metricas_validation": {"precission": 0.2608395509140661, "recall": 0.26393184531283653, "f1_score": 0.25344036675526777, "accuracy": 0.5502295684113866}, "metricas_train": {"precission": 0.9865139843537264, "recall": 0.9844002826085445, "f1_score": 0.9852295506166093, "accuracy": 0.9796095103133364}, "normalizacion_X": true, "reduccionDimensionalidad": false}, "ada_boosting": {"params_no_default": {"n_estimators": 100, "learning_rate": 0.1}, "metricas_validation": {"precission": 0.07585942052141759, "recall": 0.10051305888095811, "f1_score": 0.06471961698190658, "accuracy": 0.21248852157943068}, "metricas_train": {"precission": 0.09824377443306934, "recall": 0.10116127550277408, "f1_score": 0.0675581806163504, "accuracy": 0.22240592032750747}, "normalizacion_X": true, "reduccionDimensionalidad": false}, "linear_SVC": {"params_no_default": {"multi_class": "ovr"}, "metricas_validation": {"precission": 0.23583447471582056, "recall": 0.27012010273439263, "f1_score": 0.23828630755141764, "accuracy": 0.5930211202938476}, "metricas_train": {"precission": 0.3754113563048111, "recall": 0.27997908411779265, "f1_score": 0.2613880235463964, "accuracy": 0.6018737206739097}, "normalizacion_X": true, "reduccionDimensionalidad": false}, "logistic": {"params_no_default": {"multi_class": "ovr"}, "metricas_validation": {"precission": 0.2811163419456963, "recall": 0.2784462647256727, "f1_score": 0.2534708076544686, "accuracy": 0.5983471074380166}, "metricas_train": {"precission": 0.378885607508349, "recall": 0.2934211990228943, "f1_score": 0.2844312565008649, "accuracy": 0.6070697527948354}, "normalizacion_X": true, "reduccionDimensionalidad": false}, "k_neighbors": {"params_no_default": {"weights": "uniform", "n_neighbors": 35}, "metricas_validation": {"precission": 0.2509377781852488, "recall": 0.25061166032476245, "f1_score": 0.22523755690503003, "accuracy": 0.5566574839302112}, "metricas_train": {"precission": 0.299446474062697, "recall": 0.2616633247407212, "f1_score": 0.24264330213448915, "accuracy": 0.5790426704455991}, "normalizacion_X": true, "reduccionDimensionalidad": false}, "lda": {"params_no_default": {"shrinkage": 0.1, "solver": "lsqr"}, "metricas_validation": {"precission": 0.3383446955997567, "recall": 0.29188559705711103, "f1_score": 0.2763790298078491, "accuracy": 0.5737373737373738}, "metricas_train": {"precission": 0.3195314795868272, "recall": 0.3118500067480004, "f1_score": 0.30068725268570295, "accuracy": 0.5776255707762558}, "normalizacion_X": true, "reduccionDimensionalidad": false}, "SVC": {"params_no_default": {"C": 1.9, "gamma": "scale", "kernel": "linear"}, "metricas_validation": {"precission": 0.25168192772197595, "recall": 0.2827284553956433, "f1_score": 0.2460389043181261, "accuracy": 0.6172635445362719}, "metricas_train": {"precission": 0.3520091030709662, "recall": 0.2991592503317882, "f1_score": 0.2781285594327554, "accuracy": 0.6254920484962998}, "normalizacion_X": true, "reduccionDimensionalidad": false}}