{"SVR": {"params_no_default": {"C": 2.1, "kernel": "rbf", "gamma": "scale", "epsilon": 0.1}, "metricas_validation": {"mse": 5130210211790.541, "mape": 0.30520945206912387, "smape": 0.24011406431985485}, "metricas_train": {"mse": 1327138805545.8625, "mape": 0.24770411637208375, "smape": 0.19359495378845323}, "normalizacion_X": true, "reduccionDimensionalidad": false, "transformacion_log_y": true, "normalizacion_y": false}, "lasso": {"params_no_default": {}, "metricas_validation": {"mse": 7393254052365.523, "mape": 0.3702965775466678, "smape": 0.29087829140606797}, "metricas_train": {"mse": 4945923084449.209, "mape": 0.3710897769404313, "smape": 0.29053520254839155}, "normalizacion_X": true, "reduccionDimensionalidad": false, "transformacion_log_y": true, "normalizacion_y": false}, "ridge": {"params_no_default": {}, "metricas_validation": {"mse": 7335123428333.888, "mape": 0.3697717879510986, "smape": 0.29168485683667583}, "metricas_train": {"mse": 4863917876886.669, "mape": 0.36997414326074707, "smape": 0.2912707576240486}, "normalizacion_X": true, "reduccionDimensionalidad": false, "transformacion_log_y": true, "normalizacion_y": false}, "linear": {"params_no_default": {}, "metricas_validation": {"mse": 7338931876557.841, "mape": 0.3697737617253066, "smape": 0.29169211401422135}, "metricas_train": {"mse": 4860799002657.431, "mape": 0.36996889157860974, "smape": 0.2912765744219277}, "normalizacion_X": true, "reduccionDimensionalidad": false, "transformacion_log_y": true, "normalizacion_y": false}, "k_neighbors": {"params_no_default": {"metric": "minkowski", "n_neighbors": 10, "weights": "uniform"}, "metricas_validation": {"mse": 9101457735083.494, "mape": 0.4570125308722063, "smape": 0.3585719291908838}, "metricas_train": {"mse": 7753674315479.95, "mape": 0.4099415649566716, "smape": 0.3270276117325646}, "normalizacion_X": true, "reduccionDimensionalidad": false, "transformacion_log_y": true, "normalizacion_y": false}, "random_forest": {"params_no_default": {"n_estimators": 100, "min_samples_split": 10, "max_depth": null}, "metricas_validation": {"mse": 2209781967512.829, "mape": 0.29722232636043383, "smape": 0.23408483354084808}, "metricas_train": {"mse": 701432128120.9397, "mape": 0.13246134954947653, "smape": 0.1210532571742696}, "normalizacion_X": true, "reduccionDimensionalidad": false, "transformacion_log_y": true, "normalizacion_y": false}, "gradient_boosting": {"params_no_default": {"learning_rate": 0.05, "max_depth": 10, "n_estimators": 150}, "metricas_validation": {"mse": 2245015809551.534, "mape": 0.2879813380682148, "smape": 0.22955125740550922}, "metricas_train": {"mse": 26722319388.35656, "mape": 0.059929717349693046, "smape": 0.059725969368542714}, "normalizacion_X": true, "reduccionDimensionalidad": false, "transformacion_log_y": true, "normalizacion_y": false}, "linear_SVR": {"params_no_default": {"C": 0.5}, "metricas_validation": {"mse": 11914334637628.85, "mape": 0.399221602469442, "smape": 0.28491604654090047}, "metricas_train": {"mse": 6152309760605.278, "mape": 0.39891324895789265, "smape": 0.28310515648552564}, "normalizacion_X": true, "reduccionDimensionalidad": false, "transformacion_log_y": true, "normalizacion_y": false}, "elastic_net": {"params_no_default": {"l1_ratio": 0.95}, "metricas_validation": {"mse": 7380032843535.077, "mape": 0.37030592999487705, "smape": 0.29088049992823833}, "metricas_train": {"mse": 4943452952866.626, "mape": 0.3710991260286718, "smape": 0.2905356922567519}, "normalizacion_X": true, "reduccionDimensionalidad": false, "transformacion_log_y": true, "normalizacion_y": false}}