{"SVR": {"params_no_default": {"C": 1, "kernel": "rbf", "gamma": "scale", "epsilon": 0.06}, "metricas_validation": {"mse": 264445326.14680088, "mape": 0.4316079509459391, "smape": 0.3917948921324493}, "metricas_train": {"mse": 131711602.54407413, "mape": 0.3756181742711192, "smape": 0.35121400799779123}, "normalizacion_X": true, "reduccionDimensionalidad": false, "transformacion_log_y": true, "normalizacion_y": false}, "ridge": {"params_no_default": {}, "metricas_validation": {"mse": 170003884.8940209, "mape": 0.5118801741777744, "smape": 0.44037543386493283}, "metricas_train": {"mse": 168616783.99523777, "mape": 0.5160334583171587, "smape": 0.45011078417966693}, "normalizacion_X": true, "reduccionDimensionalidad": false, "transformacion_log_y": true, "normalizacion_y": false}, "lasso": {"params_no_default": {}, "metricas_validation": {"mse": 165931299.51737952, "mape": 0.5111747551103968, "smape": 0.44016208368350623}, "metricas_train": {"mse": 168598721.53392386, "mape": 0.5161165069650006, "smape": 0.45033006137366915}, "normalizacion_X": true, "reduccionDimensionalidad": false, "transformacion_log_y": true, "normalizacion_y": false}, "elastic_net": {"params_no_default": {"l1_ratio": 0.95}, "metricas_validation": {"mse": 165948641.0557062, "mape": 0.5111760328014431, "smape": 0.4401644120671365}, "metricas_train": {"mse": 168618420.26756483, "mape": 0.5161185190035641, "smape": 0.45033301225041866}, "normalizacion_X": true, "reduccionDimensionalidad": false, "transformacion_log_y": true, "normalizacion_y": false}, "random_forest": {"params_no_default": {"n_estimators": 100, "min_samples_split": 2, "max_depth": 10}, "metricas_validation": {"mse": 193270801.6806222, "mape": 0.45083065790019267, "smape": 0.3944851104109229}, "metricas_train": {"mse": 74424677.72052704, "mape": 0.3345016318593659, "smape": 0.31823225188216364}, "normalizacion_X": true, "reduccionDimensionalidad": false, "transformacion_log_y": true, "normalizacion_y": false}, "gradient_boosting": {"params_no_default": {"learning_rate": 0.05, "max_depth": 10, "n_estimators": 140}, "metricas_validation": {"mse": 184151812.05996722, "mape": 0.46390016403539464, "smape": 0.39969412807938054}, "metricas_train": {"mse": 5309889.78202813, "mape": 0.11935284652714995, "smape": 0.11928030618405207}, "normalizacion_X": true, "reduccionDimensionalidad": false, "transformacion_log_y": true, "normalizacion_y": false}, "k_neighbors": {"params_no_default": {"metric": "minkowski", "n_neighbors": 20, "weights": "uniform"}, "metricas_validation": {"mse": 331031105.3147085, "mape": 0.4852184253305269, "smape": 0.4330176913286054}, "metricas_train": {"mse": 245521067.77405888, "mape": 0.4680619310071147, "smape": 0.42882971224103433}, "normalizacion_X": true, "reduccionDimensionalidad": false, "transformacion_log_y": true, "normalizacion_y": false}, "linear_SVR": {"params_no_default": {"C": 0.5}, "metricas_validation": {"mse": 241542067.02558205, "mape": 0.4965775470697081, "smape": 0.43951797954096256}, "metricas_train": {"mse": 168494269.18964502, "mape": 0.49840778566536686, "smape": 0.44731559913545144}, "normalizacion_X": true, "reduccionDimensionalidad": false, "transformacion_log_y": true, "normalizacion_y": false}, "linear": {"params_no_default": {}, "metricas_validation": {"mse": 169943828.74266556, "mape": 0.5118885354110001, "smape": 0.440358952727497}, "metricas_train": {"mse": 168307530.60146284, "mape": 0.5160065368432003, "smape": 0.45006255091800734}, "normalizacion_X": true, "reduccionDimensionalidad": false, "transformacion_log_y": true, "normalizacion_y": false}}